DA;NOM-ORDINATEUR;MAIL
10000001;V10000001;10000001@domain.tld
10000002;V10000002;10000002@domain.tld
10000003;V10000003;10000003@domain.tld
10000004;V10000004;10000004@domain.tld
10000005;V10000005;10000005@domain.tld
10000006;V10000006;10000006@domain.tld
10000007;V10000007;10000007@domain.tld
10000008;V10000008;10000008@domain.tld
10000009;V10000009;10000009@domain.tld
10000010;V10000010;10000010@domain.tld
10000011;V10000011;10000011@domain.tld
10000012;V10000012;10000012@domain.tld
10000013;V10000013;10000013@domain.tld
10000014;V10000014;10000014@domain.tld
10000015;V10000015;10000015@domain.tld
10000016;V10000016;10000016@domain.tld
10000017;V10000017;10000017@domain.tld
10000018;V10000018;10000018@domain.tld
10000019;V10000019;10000019@domain.tld
10000020;V10000020;10000020@domain.tld
10000021;V10000021;10000021@domain.tld
10000022;V10000022;10000022@domain.tld
10000023;V10000023;10000023@domain.tld
10000024;V10000024;10000024@domain.tld
10000025;V10000025;10000025@domain.tld
10000026;V10000026;10000026@domain.tld
10000027;V10000027;10000027@domain.tld
10000028;V10000028;10000028@domain.tld
10000029;V10000029;10000029@domain.tld
10000030;V10000030;10000030@domain.tld
10000031;V10000031;10000031@domain.tld
10000032;V10000032;10000032@domain.tld
10000033;V10000033;10000033@domain.tld
10000034;V10000034;10000034@domain.tld
10000035;V10000035;10000035@domain.tld
10000036;V10000036;10000036@domain.tld
10000037;V10000037;10000037@domain.tld
10000038;V10000038;10000038@domain.tld
10000039;V10000039;10000039@domain.tld
10000040;V10000040;10000040@domain.tld
10000041;V10000041;10000041@domain.tld
10000042;V10000042;10000042@domain.tld
10000043;V10000043;10000043@domain.tld
10000044;V10000044;10000044@domain.tld
10000045;V10000045;10000045@domain.tld
10000046;V10000046;10000046@domain.tld
10000047;V10000047;10000047@domain.tld
10000048;V10000048;10000048@domain.tld
10000049;V10000049;10000049@domain.tld
10000050;V10000050;10000050@domain.tld
10000051;V10000051;10000051@domain.tld
10000052;V10000052;10000052@domain.tld
10000053;V10000053;10000053@domain.tld
10000054;V10000054;10000054@domain.tld
10000055;V10000055;10000055@domain.tld
10000056;V10000056;10000056@domain.tld
10000057;V10000057;10000057@domain.tld
10000058;V10000058;10000058@domain.tld
10000059;V10000059;10000059@domain.tld
10000060;V10000060;10000060@domain.tld
10000061;V10000061;10000061@domain.tld
10000062;V10000062;10000062@domain.tld
10000063;V10000063;10000063@domain.tld
10000064;V10000064;10000064@domain.tld
10000065;V10000065;10000065@domain.tld
10000066;V10000066;10000066@domain.tld
10000067;V10000067;10000067@domain.tld
10000068;V10000068;10000068@domain.tld
10000069;V10000069;10000069@domain.tld
10000070;V10000070;10000070@domain.tld
10000071;V10000071;10000071@domain.tld
10000072;V10000072;10000072@domain.tld
10000073;V10000073;10000073@domain.tld
10000074;V10000074;10000074@domain.tld
10000075;V10000075;10000075@domain.tld
10000076;V10000076;10000076@domain.tld
10000077;V10000077;10000077@domain.tld
10000078;V10000078;10000078@domain.tld
10000079;V10000079;10000079@domain.tld
10000080;V10000080;10000080@domain.tld
10000081;V10000081;10000081@domain.tld
10000082;V10000082;10000082@domain.tld
10000083;V10000083;10000083@domain.tld
10000084;V10000084;10000084@domain.tld
10000085;V10000085;10000085@domain.tld
10000086;V10000086;10000086@domain.tld
10000087;V10000087;10000087@domain.tld
10000088;V10000088;10000088@domain.tld
10000089;V10000089;10000089@domain.tld
10000090;V10000090;10000090@domain.tld
10000091;V10000091;10000091@domain.tld
10000092;V10000092;10000092@domain.tld
10000093;V10000093;10000093@domain.tld
10000094;V10000094;10000094@domain.tld
10000095;V10000095;10000095@domain.tld
10000096;V10000096;10000096@domain.tld
10000097;V10000097;10000097@domain.tld
10000098;V10000098;10000098@domain.tld
10000099;V10000099;10000099@domain.tld
10000100;V10000100;10000100@domain.tld
10000101;V10000101;10000101@domain.tld
10000102;V10000102;10000102@domain.tld
10000103;V10000103;10000103@domain.tld
10000104;V10000104;10000104@domain.tld
10000105;V10000105;10000105@domain.tld
10000106;V10000106;10000106@domain.tld
10000107;V10000107;10000107@domain.tld
10000108;V10000108;10000108@domain.tld
10000109;V10000109;10000109@domain.tld
10000110;V10000110;10000110@domain.tld
10000111;V10000111;10000111@domain.tld
10000112;V10000112;10000112@domain.tld
10000113;V10000113;10000113@domain.tld
10000114;V10000114;10000114@domain.tld
10000115;V10000115;10000115@domain.tld
10000116;V10000116;10000116@domain.tld
10000117;V10000117;10000117@domain.tld
10000118;V10000118;10000118@domain.tld
10000119;V10000119;10000119@domain.tld
10000120;V10000120;10000120@domain.tld
10000121;V10000121;10000121@domain.tld
10000122;V10000122;10000122@domain.tld
10000123;V10000123;10000123@domain.tld
10000124;V10000124;10000124@domain.tld
10000125;V10000125;10000125@domain.tld
10000126;V10000126;10000126@domain.tld
10000127;V10000127;10000127@domain.tld
10000128;V10000128;10000128@domain.tld
10000129;V10000129;10000129@domain.tld
10000130;V10000130;10000130@domain.tld
10000131;V10000131;10000131@domain.tld
10000132;V10000132;10000132@domain.tld
10000133;V10000133;10000133@domain.tld
10000134;V10000134;10000134@domain.tld
10000135;V10000135;10000135@domain.tld
10000136;V10000136;10000136@domain.tld
10000137;V10000137;10000137@domain.tld
10000138;V10000138;10000138@domain.tld
10000139;V10000139;10000139@domain.tld
10000140;V10000140;10000140@domain.tld
10000141;V10000141;10000141@domain.tld
10000142;V10000142;10000142@domain.tld
10000143;V10000143;10000143@domain.tld
10000144;V10000144;10000144@domain.tld
10000145;V10000145;10000145@domain.tld
10000146;V10000146;10000146@domain.tld
10000147;V10000147;10000147@domain.tld
10000148;V10000148;10000148@domain.tld
10000149;V10000149;10000149@domain.tld
10000150;V10000150;10000150@domain.tld
10000151;V10000151;10000151@domain.tld
10000152;V10000152;10000152@domain.tld
10000153;V10000153;10000153@domain.tld
10000154;V10000154;10000154@domain.tld
10000155;V10000155;10000155@domain.tld
10000156;V10000156;10000156@domain.tld
10000157;V10000157;10000157@domain.tld
10000158;V10000158;10000158@domain.tld
10000159;V10000159;10000159@domain.tld
10000160;V10000160;10000160@domain.tld
10000161;V10000161;10000161@domain.tld
10000162;V10000162;10000162@domain.tld
10000163;V10000163;10000163@domain.tld
10000164;V10000164;10000164@domain.tld
10000165;V10000165;10000165@domain.tld
10000166;V10000166;10000166@domain.tld
10000167;V10000167;10000167@domain.tld
10000168;V10000168;10000168@domain.tld
10000169;V10000169;10000169@domain.tld
10000170;V10000170;10000170@domain.tld
10000171;V10000171;10000171@domain.tld
10000172;V10000172;10000172@domain.tld
10000173;V10000173;10000173@domain.tld
10000174;V10000174;10000174@domain.tld
10000175;V10000175;10000175@domain.tld
10000176;V10000176;10000176@domain.tld
10000177;V10000177;10000177@domain.tld
10000178;V10000178;10000178@domain.tld
10000179;V10000179;10000179@domain.tld
10000180;V10000180;10000180@domain.tld
10000181;V10000181;10000181@domain.tld
10000182;V10000182;10000182@domain.tld
10000183;V10000183;10000183@domain.tld
10000184;V10000184;10000184@domain.tld
10000185;V10000185;10000185@domain.tld
10000186;V10000186;10000186@domain.tld
10000187;V10000187;10000187@domain.tld
10000188;V10000188;10000188@domain.tld
10000189;V10000189;10000189@domain.tld
10000190;V10000190;10000190@domain.tld
10000191;V10000191;10000191@domain.tld
10000192;V10000192;10000192@domain.tld
10000193;V10000193;10000193@domain.tld
10000194;V10000194;10000194@domain.tld
10000195;V10000195;10000195@domain.tld
10000196;V10000196;10000196@domain.tld
10000197;V10000197;10000197@domain.tld
10000198;V10000198;10000198@domain.tld
10000199;V10000199;10000199@domain.tld
10000200;V10000200;10000200@domain.tld
10000201;V10000201;10000201@domain.tld
10000202;V10000202;10000202@domain.tld
10000203;V10000203;10000203@domain.tld
10000204;V10000204;10000204@domain.tld
10000205;V10000205;10000205@domain.tld
10000206;V10000206;10000206@domain.tld
10000207;V10000207;10000207@domain.tld
10000208;V10000208;10000208@domain.tld
10000209;V10000209;10000209@domain.tld
10000210;V10000210;10000210@domain.tld
10000211;V10000211;10000211@domain.tld
10000212;V10000212;10000212@domain.tld
10000213;V10000213;10000213@domain.tld
10000214;V10000214;10000214@domain.tld
10000215;V10000215;10000215@domain.tld
10000216;V10000216;10000216@domain.tld
10000217;V10000217;10000217@domain.tld
10000218;V10000218;10000218@domain.tld
10000219;V10000219;10000219@domain.tld
10000220;V10000220;10000220@domain.tld
10000221;V10000221;10000221@domain.tld
10000222;V10000222;10000222@domain.tld
10000223;V10000223;10000223@domain.tld
10000224;V10000224;10000224@domain.tld
10000225;V10000225;10000225@domain.tld
10000226;V10000226;10000226@domain.tld
10000227;V10000227;10000227@domain.tld
10000228;V10000228;10000228@domain.tld
10000229;V10000229;10000229@domain.tld
10000230;V10000230;10000230@domain.tld
10000231;V10000231;10000231@domain.tld
10000232;V10000232;10000232@domain.tld
10000233;V10000233;10000233@domain.tld
10000234;V10000234;10000234@domain.tld
10000235;V10000235;10000235@domain.tld
10000236;V10000236;10000236@domain.tld
10000237;V10000237;10000237@domain.tld
10000238;V10000238;10000238@domain.tld
10000239;V10000239;10000239@domain.tld
10000240;V10000240;10000240@domain.tld
10000241;V10000241;10000241@domain.tld
10000242;V10000242;10000242@domain.tld
10000243;V10000243;10000243@domain.tld
10000244;V10000244;10000244@domain.tld
10000245;V10000245;10000245@domain.tld
10000246;V10000246;10000246@domain.tld
10000247;V10000247;10000247@domain.tld
10000248;V10000248;10000248@domain.tld
10000249;V10000249;10000249@domain.tld
10000250;V10000250;10000250@domain.tld
10000251;V10000251;10000251@domain.tld
10000252;V10000252;10000252@domain.tld
10000253;V10000253;10000253@domain.tld
10000254;V10000254;10000254@domain.tld
10000255;V10000255;10000255@domain.tld
10000256;V10000256;10000256@domain.tld
10000257;V10000257;10000257@domain.tld
10000258;V10000258;10000258@domain.tld
10000259;V10000259;10000259@domain.tld
10000260;V10000260;10000260@domain.tld
10000261;V10000261;10000261@domain.tld
10000262;V10000262;10000262@domain.tld
10000263;V10000263;10000263@domain.tld
10000264;V10000264;10000264@domain.tld
10000265;V10000265;10000265@domain.tld
10000266;V10000266;10000266@domain.tld
10000267;V10000267;10000267@domain.tld
10000268;V10000268;10000268@domain.tld
10000269;V10000269;10000269@domain.tld
10000270;V10000270;10000270@domain.tld
10000271;V10000271;10000271@domain.tld
10000272;V10000272;10000272@domain.tld
10000273;V10000273;10000273@domain.tld
10000274;V10000274;10000274@domain.tld
10000275;V10000275;10000275@domain.tld
10000276;V10000276;10000276@domain.tld
10000277;V10000277;10000277@domain.tld
10000278;V10000278;10000278@domain.tld
10000279;V10000279;10000279@domain.tld
10000280;V10000280;10000280@domain.tld
10000281;V10000281;10000281@domain.tld
10000282;V10000282;10000282@domain.tld
10000283;V10000283;10000283@domain.tld
10000284;V10000284;10000284@domain.tld
10000285;V10000285;10000285@domain.tld
10000286;V10000286;10000286@domain.tld
10000287;V10000287;10000287@domain.tld
10000288;V10000288;10000288@domain.tld
10000289;V10000289;10000289@domain.tld
10000290;V10000290;10000290@domain.tld
10000291;V10000291;10000291@domain.tld
10000292;V10000292;10000292@domain.tld
10000293;V10000293;10000293@domain.tld
10000294;V10000294;10000294@domain.tld
10000295;V10000295;10000295@domain.tld
10000296;V10000296;10000296@domain.tld
10000297;V10000297;10000297@domain.tld
10000298;V10000298;10000298@domain.tld
10000299;V10000299;10000299@domain.tld
10000300;V10000300;10000300@domain.tld
10000301;V10000301;10000301@domain.tld
10000302;V10000302;10000302@domain.tld
10000303;V10000303;10000303@domain.tld
10000304;V10000304;10000304@domain.tld
10000305;V10000305;10000305@domain.tld
10000306;V10000306;10000306@domain.tld
10000307;V10000307;10000307@domain.tld
10000308;V10000308;10000308@domain.tld
10000309;V10000309;10000309@domain.tld
10000310;V10000310;10000310@domain.tld
10000311;V10000311;10000311@domain.tld
10000312;V10000312;10000312@domain.tld
10000313;V10000313;10000313@domain.tld
10000314;V10000314;10000314@domain.tld
10000315;V10000315;10000315@domain.tld
10000316;V10000316;10000316@domain.tld
10000317;V10000317;10000317@domain.tld
10000318;V10000318;10000318@domain.tld
10000319;V10000319;10000319@domain.tld
10000320;V10000320;10000320@domain.tld
10000321;V10000321;10000321@domain.tld
10000322;V10000322;10000322@domain.tld
10000323;V10000323;10000323@domain.tld
10000324;V10000324;10000324@domain.tld
10000325;V10000325;10000325@domain.tld
10000326;V10000326;10000326@domain.tld
10000327;V10000327;10000327@domain.tld
10000328;V10000328;10000328@domain.tld
10000329;V10000329;10000329@domain.tld
10000330;V10000330;10000330@domain.tld
10000331;V10000331;10000331@domain.tld
10000332;V10000332;10000332@domain.tld
10000333;V10000333;10000333@domain.tld
10000334;V10000334;10000334@domain.tld
10000335;V10000335;10000335@domain.tld
10000336;V10000336;10000336@domain.tld
10000337;V10000337;10000337@domain.tld
10000338;V10000338;10000338@domain.tld
10000339;V10000339;10000339@domain.tld
10000340;V10000340;10000340@domain.tld
10000341;V10000341;10000341@domain.tld
10000342;V10000342;10000342@domain.tld
10000343;V10000343;10000343@domain.tld
10000344;V10000344;10000344@domain.tld
10000345;V10000345;10000345@domain.tld
10000346;V10000346;10000346@domain.tld
10000347;V10000347;10000347@domain.tld
10000348;V10000348;10000348@domain.tld
10000349;V10000349;10000349@domain.tld
10000350;V10000350;10000350@domain.tld
10000351;V10000351;10000351@domain.tld
10000352;V10000352;10000352@domain.tld
10000353;V10000353;10000353@domain.tld
10000354;V10000354;10000354@domain.tld
10000355;V10000355;10000355@domain.tld
10000356;V10000356;10000356@domain.tld
10000357;V10000357;10000357@domain.tld
10000358;V10000358;10000358@domain.tld
10000359;V10000359;10000359@domain.tld
10000360;V10000360;10000360@domain.tld
10000361;V10000361;10000361@domain.tld
10000362;V10000362;10000362@domain.tld
10000363;V10000363;10000363@domain.tld
10000364;V10000364;10000364@domain.tld
10000365;V10000365;10000365@domain.tld
10000366;V10000366;10000366@domain.tld
10000367;V10000367;10000367@domain.tld
10000368;V10000368;10000368@domain.tld
10000369;V10000369;10000369@domain.tld
10000370;V10000370;10000370@domain.tld
10000371;V10000371;10000371@domain.tld
10000372;V10000372;10000372@domain.tld
10000373;V10000373;10000373@domain.tld
10000374;V10000374;10000374@domain.tld
10000375;V10000375;10000375@domain.tld
10000376;V10000376;10000376@domain.tld
10000377;V10000377;10000377@domain.tld
10000378;V10000378;10000378@domain.tld
10000379;V10000379;10000379@domain.tld
10000380;V10000380;10000380@domain.tld
10000381;V10000381;10000381@domain.tld
10000382;V10000382;10000382@domain.tld
10000383;V10000383;10000383@domain.tld
10000384;V10000384;10000384@domain.tld
10000385;V10000385;10000385@domain.tld
10000386;V10000386;10000386@domain.tld
10000387;V10000387;10000387@domain.tld
10000388;V10000388;10000388@domain.tld
10000389;V10000389;10000389@domain.tld
10000390;V10000390;10000390@domain.tld
10000391;V10000391;10000391@domain.tld
10000392;V10000392;10000392@domain.tld
10000393;V10000393;10000393@domain.tld
10000394;V10000394;10000394@domain.tld
10000395;V10000395;10000395@domain.tld
10000396;V10000396;10000396@domain.tld
10000397;V10000397;10000397@domain.tld
10000398;V10000398;10000398@domain.tld
10000399;V10000399;10000399@domain.tld
10000400;V10000400;10000400@domain.tld
10000401;V10000401;10000401@domain.tld
10000402;V10000402;10000402@domain.tld
10000403;V10000403;10000403@domain.tld
10000404;V10000404;10000404@domain.tld
10000405;V10000405;10000405@domain.tld
10000406;V10000406;10000406@domain.tld
10000407;V10000407;10000407@domain.tld
10000408;V10000408;10000408@domain.tld
10000409;V10000409;10000409@domain.tld
10000410;V10000410;10000410@domain.tld
10000411;V10000411;10000411@domain.tld
10000412;V10000412;10000412@domain.tld
10000413;V10000413;10000413@domain.tld
10000414;V10000414;10000414@domain.tld
10000415;V10000415;10000415@domain.tld
10000416;V10000416;10000416@domain.tld
10000417;V10000417;10000417@domain.tld
10000418;V10000418;10000418@domain.tld
10000419;V10000419;10000419@domain.tld
10000420;V10000420;10000420@domain.tld
10000421;V10000421;10000421@domain.tld
10000422;V10000422;10000422@domain.tld
10000423;V10000423;10000423@domain.tld
10000424;V10000424;10000424@domain.tld
10000425;V10000425;10000425@domain.tld
10000426;V10000426;10000426@domain.tld
10000427;V10000427;10000427@domain.tld
10000428;V10000428;10000428@domain.tld
10000429;V10000429;10000429@domain.tld
10000430;V10000430;10000430@domain.tld
10000431;V10000431;10000431@domain.tld
10000432;V10000432;10000432@domain.tld
10000433;V10000433;10000433@domain.tld
10000434;V10000434;10000434@domain.tld
10000435;V10000435;10000435@domain.tld
10000436;V10000436;10000436@domain.tld
10000437;V10000437;10000437@domain.tld
10000438;V10000438;10000438@domain.tld
10000439;V10000439;10000439@domain.tld
10000440;V10000440;10000440@domain.tld
10000441;V10000441;10000441@domain.tld
10000442;V10000442;10000442@domain.tld
10000443;V10000443;10000443@domain.tld
10000444;V10000444;10000444@domain.tld
10000445;V10000445;10000445@domain.tld
10000446;V10000446;10000446@domain.tld
10000447;V10000447;10000447@domain.tld
10000448;V10000448;10000448@domain.tld
10000449;V10000449;10000449@domain.tld
10000450;V10000450;10000450@domain.tld
10000451;V10000451;10000451@domain.tld
10000452;V10000452;10000452@domain.tld
10000453;V10000453;10000453@domain.tld
10000454;V10000454;10000454@domain.tld
10000455;V10000455;10000455@domain.tld
10000456;V10000456;10000456@domain.tld
10000457;V10000457;10000457@domain.tld
10000458;V10000458;10000458@domain.tld
10000459;V10000459;10000459@domain.tld
10000460;V10000460;10000460@domain.tld
10000461;V10000461;10000461@domain.tld
10000462;V10000462;10000462@domain.tld
10000463;V10000463;10000463@domain.tld
